{"cameraMode":{"drawMode":0,"name":"Shaded","section":"Shading Mode"},"sceneLighting":false,"audioPlay":false,"sceneViewState":{"m_AlwaysRefresh":false,"showFog":true,"showSkybox":false,"showFlares":true,"showImageEffects":true,"showParticleSystems":true,"showVisualEffectGraphs":true,"m_FxEnabled":true},"in2DMode":false,"pivot":{"x":0.027387499809265138,"y":0.322486013174057,"z":-0.03868591785430908},"rotation":{"x":-0.026479091495275499,"y":0.9106826186180115,"z":-0.05910390615463257,"w":-0.4079959988594055},"size":1.0714592933654786,"orthographic":false}